{"success":true,"islands":[{"id":1,"name":"Origin City","texture":null,"geometry":{"type":"Polygon","coordinates":[[[-4.81,-4.81],[-4.81,4.81],[4.81,4.81],[4.81,-4.81],[-4.81,-4.81]]]},"position":{"type":"Point","coordinates":[0,0]}},{"id":2,"name":"Proxima","texture":null,"geometry":{"type":"Polygon","coordinates":[[[-2.7,5.65],[-2.7,6.01],[-2.57,6.01],[-2.57,6.15],[-2.42,6.15],[-2.42,6.05],[-2.31,6.05],[-2.31,6.14],[-2.18,6.14],[-2.18,5.93],[-2.06,5.93],[-2.06,5.79],[-2.06,5.65],[-2.1,5.65],[-2.1,5.56],[-2.01,5.56],[-2.01,5.42],[-2.35,5.42],[-2.35,5.54],[-2.5,5.54],[-2.5,5.65],[-2.7,5.65]]]},"position":{"type":"Point","coordinates":[-2.35225764941378,5.78368172719474]}},{"id":3,"name":"Ceres","texture":null,"geometry":{"type":"Polygon","coordinates":[[[-7,-1.4],[-7,-1.2],[-6.83,-1.2],[-6.83,-1.06],[-6.3,-1.06],[-6.3,-1.14],[-6,-1.14],[-6,-1],[-5.8,-1],[-5.8,-1.8],[-6,-1.8],[-6,-1.7],[-6.2,-1.7],[-6.2,-1.6],[-6.1,-1.6],[-6.1,-1.3],[-6.4,-1.3],[-6.4,-1.5],[-6.6,-1.5],[-6.6,-1.6],[-6.9,-1.6],[-6.9,-1.4],[-7,-1.4]]]},"position":{"type":"Point","coordinates":[-6.33036333456289,-1.34711545555146]}},{"id":4,"name":"Little Ceres","texture":null,"geometry":{"type":"Polygon","coordinates":[[[-6.5,-1.8],[-6.5,-1.6],[-6.3,-1.6],[-6.3,-1.8],[-6.5,-1.8]]]},"position":{"type":"Point","coordinates":[-6.4,-1.7]}},{"id":5,"name":"Trinity","texture":null,"geometry":{"type":"Polygon","coordinates":[[[-0.2,-5.78],[-0.2,-5.78],[-0.2,-5.7],[0,-5.7],[0,-5.5],[0.2,-5.5],[0.2,-5.7],[0.4,-5.7],[0.4,-5.78],[0.6,-5.78],[0.6,-5.7],[0.8,-5.7],[0.8,-5.5],[1,-5.5],[1,-5.7],[1.2,-5.7],[1.2,-5.78],[1.2,-5.82],[1.2,-5.9],[1,-5.9],[1,-6.1],[0.8,-6.1],[0.8,-5.9],[0.6,-5.9],[0.6,-5.82],[0.4,-5.82],[0.4,-5.9],[0.2,-5.9],[0.2,-6.1],[0,-6.1],[0,-5.9],[-0.2,-5.9],[-0.2,-5.82],[-0.4,-5.82],[-0.4,-5.9],[-0.6,-5.9],[-0.6,-6.1],[-0.8,-6.1],[-0.8,-5.9],[-1,-5.9],[-1,-5.7],[-0.8,-5.7],[-0.8,-5.5],[-0.6,-5.5],[-0.6,-5.7],[-0.4,-5.7],[-0.4,-5.78],[-0.2,-5.78]]]},"position":{"type":"Point","coordinates":[0.1,-5.8]}},{"id":6,"name":"The Bronx","texture":null,"geometry":{"type":"Polygon","coordinates":[[[7.4,1.3],[7.4,1.4],[7.6,1.4],[7.88,1.4],[7.88,1.5],[8,1.5],[8,1.3],[7.9,1.3],[7.9,1.2],[8,1.2],[8,1],[8.2,1],[8.2,0.9],[8.2,0.71],[7.91,0.71],[7.91,0.5],[7.6,0.5],[7.6,0.3],[7.3,0.3],[7.3,0.9],[7.1,0.9],[7.1,1.3],[7.4,1.3]]]},"position":{"type":"Point","coordinates":[7.61981088503308,0.923799151167145]}},{"id":7,"name":"Electron","texture":null,"geometry":{"type":"Polygon","coordinates":[[[6.4,-4],[6.4,-3.9],[6.8,-3.9],[6.8,-3.91],[6.8,-4],[6.9,-4],[6.9,-4.4],[6.8,-4.4],[6.8,-4.5],[6.4,-4.5],[6.4,-4.4],[6.3,-4.4],[6.3,-4],[6.4,-4]]]},"position":{"type":"Point","coordinates":[6.6,-4.2]}},{"id":8,"name":"Proton","texture":null,"geometry":{"type":"Polygon","coordinates":[[[6.62,-2.22],[6.62,-3.32],[6.02,-3.32],[6.02,-3.22],[5.92,-3.22],[5.92,-3.12],[5.82,-3.12],[5.82,-2.42],[5.92,-2.42],[5.92,-2.32],[6.02,-2.32],[6.02,-2.22],[6.62,-2.22]]]},"position":{"type":"Point","coordinates":[6.24317073170732,-2.77]}},{"id":9,"name":"Neutron","texture":null,"geometry":{"type":"Polygon","coordinates":[[[6.64,-2.22],[7.24,-2.22],[7.24,-2.32],[7.34,-2.32],[7.34,-2.42],[7.44,-2.42],[7.44,-3.12],[7.34,-3.12],[7.34,-3.22],[7.24,-3.22],[7.24,-3.32],[6.64,-3.32],[6.64,-2.22]]]},"position":{"type":"Point","coordinates":[7.01682926829268,-2.77]}},{"id":10,"name":"Euro","texture":null,"geometry":{"type":"Polygon","coordinates":[[[-1.17,6.37],[-1.17,6.56],[-1.17,6.74],[-1.16,6.74],[-1.16,6.74],[-0.53,6.74],[-0.53,6.73],[-0.52,6.73],[-0.52,6.56],[-0.52,6.37],[-0.53,6.37],[-0.53,6.36],[-1.16,6.36],[-1.16,6.37],[-1.17,6.37]]]},"position":{"type":"Point","coordinates":[-0.845129712201054,6.55007498986624]}},{"id":11,"name":"Tokyo","texture":null,"geometry":{"type":"Polygon","coordinates":[[[-0.04,5.36],[-0.04,6.64],[4.84,6.64],[4.84,5.36],[-0.04,5.36]]]},"position":{"type":"Point","coordinates":[2.4,6]}},{"id":12,"name":"Berlin","texture":null,"geometry":{"type":"Polygon","coordinates":[[[-7.54,-7.54],[-7.54,-5.26],[-5.26,-5.26],[-5.26,-7.54],[-7.54,-7.54]]]},"position":{"type":"Point","coordinates":[-6.4,-6.4]}},{"id":13,"name":"Helios","texture":null,"geometry":{"type":"Polygon","coordinates":[[[-4.76,-7],[-4.76,-5.6],[-2.04,-5.6],[-2.04,-7],[-4.76,-7]]]},"position":{"type":"Point","coordinates":[-3.4,-6.3]}},{"id":14,"name":"Milan","texture":null,"geometry":{"type":"Polygon","coordinates":[[[5.62,3.53],[5.62,6.25],[8.34,6.25],[8.34,3.53],[5.62,3.53]]]},"position":{"type":"Point","coordinates":[6.98,4.89]}},{"id":15,"name":"Poneke","texture":null,"geometry":{"type":"Polygon","coordinates":[[[6.22,-7.74],[6.22,-6.22],[7.74,-6.22],[7.74,-7.74],[6.22,-7.74]]]},"position":{"type":"Point","coordinates":[6.98,-6.98]}},{"id":16,"name":"San Francisco","texture":null,"geometry":{"type":"Polygon","coordinates":[[[-7.8,6.16],[-7.8,7.8],[-6.16,7.8],[-6.16,6.16],[-7.8,6.16]]]},"position":{"type":"Point","coordinates":[-6.98,6.98]}},{"id":17,"name":"Far Far Away","texture":null,"geometry":{"type":"Polygon","coordinates":[[[-70.06,-0.640000000000001],[-70.06,0.640000000000001],[-68.78,0.640000000000001],[-68.78,-0.640000000000001],[-70.06,-0.640000000000001]]]},"position":{"type":"Point","coordinates":[-69.42,0]}},{"id":18,"name":"Vibes","texture":null,"geometry":{"type":"Polygon","coordinates":[[[-67.24,-1.24],[-67.24,1.24],[-64.76,1.24],[-64.76,-1.24],[-67.24,-1.24]]]},"position":{"type":"Point","coordinates":[-66,0]}},{"id":19,"name":"Test Island","texture":null,"geometry":{"type":"Polygon","coordinates":[[[41.36,-0.640000000000002],[41.36,0.640000000000002],[42.64,0.640000000000002],[42.64,-0.640000000000002],[41.36,-0.640000000000002]]]},"position":{"type":"Point","coordinates":[42,0]}},{"id":20,"name":"Satoshi","texture":null,"geometry":{"type":"Polygon","coordinates":[[[-8.24,2.26],[-8.24,4.74],[-5.76,4.74],[-5.76,2.26],[-8.24,2.26]]]},"position":{"type":"Point","coordinates":[-7,3.5]}}]}