{"success":true,"suburbs":[{"id":1,"name":"The Center","position":{"type":"Point","coordinates":[0,0]}},{"id":2,"name":"West End","position":{"type":"Point","coordinates":[-4.5,0]}},{"id":3,"name":"North Terrace","position":{"type":"Point","coordinates":[0,1]}},{"id":4,"name":"Music District","position":{"type":"Point","coordinates":[0.85,-0.4]}},{"id":5,"name":"Makers","position":{"type":"Point","coordinates":[2.4,0]}},{"id":6,"name":"Deep South","position":{"type":"Point","coordinates":[0,-4.5]}},{"id":7,"name":"Fantasy Fields","position":{"type":"Point","coordinates":[-2,0]}},{"id":8,"name":"Le Marais","position":{"type":"Point","coordinates":[-1,1]}},{"id":9,"name":"Doom","position":{"type":"Point","coordinates":[0,-2.25]}},{"id":10,"name":"Frankfurt","position":{"type":"Point","coordinates":[2.25,2.25]}},{"id":11,"name":"North Pole","position":{"type":"Point","coordinates":[0,4.5]}},{"id":12,"name":"Little Tokyo","position":{"type":"Point","coordinates":[-2.5,1.2]}},{"id":13,"name":"Area 51","position":{"type":"Point","coordinates":[-2.25,2.25]}},{"id":14,"name":"Kitties","position":{"type":"Point","coordinates":[2.25,-2.25]}},{"id":15,"name":"Punks","position":{"type":"Point","coordinates":[2.5,-3.5]}},{"id":16,"name":"Oasis","position":{"type":"Point","coordinates":[-2.5,-2.75]}},{"id":17,"name":"Axies","position":{"type":"Point","coordinates":[3.5,-2.5]}},{"id":18,"name":"Moon","position":{"type":"Point","coordinates":[4.2,1]}},{"id":19,"name":"Mars","position":{"type":"Point","coordinates":[-4.5,4.5]}},{"id":20,"name":"Hiro","position":{"type":"Point","coordinates":[-1.7,-1.4]}},{"id":21,"name":"Scripting","position":{"type":"Point","coordinates":[-1,3]}},{"id":22,"name":"Midtown","position":{"type":"Point","coordinates":[-3.5,-4.5]}},{"id":23,"name":"Shenzhen","position":{"type":"Point","coordinates":[-4.4,-2.5]}},{"id":24,"name":"Modville","position":{"type":"Point","coordinates":[4.5,4.5]}},{"id":25,"name":"Memes","position":{"type":"Point","coordinates":[-4.2,2.7]}},{"id":26,"name":"The Playa","position":{"type":"Point","coordinates":[4.5,-4.5]}},{"id":27,"name":"Gangnam","position":{"type":"Point","coordinates":[2.3,4.5]}},{"id":28,"name":"Te Aro","position":{"type":"Point","coordinates":[4.3,2.7]}},{"id":29,"name":"Babylon","position":{"type":"Point","coordinates":[-3.9,-1.36]}},{"id":30,"name":"Rome","position":{"type":"Point","coordinates":[-2.3,4.2]}},{"id":31,"name":"Junkyard","position":{"type":"Point","coordinates":[4.2,-1]}}]}